smiles,rt_min,CC_Tem,CC_Speed,CC_Particle Size,CC_Inner Diameter,CC_Length,CC_PhaseA_W_per,CC_PhaseA_O_per,CC_PhaseA_FA_per,CC_PhaseA_TFA_per,CC_PhaseB_O_pKa,CC_PhaseB_O_per,CC_PhaseB_W_per,CC_PhaseB_FA_per,CC_PhaseB_TFA_per,CC_RT-initial,CC_RT-final,CC_time
ClC1=CC=C(C2=N[C@@H](CC(NCCCCCOC3=NOC([C@@H](C(C)C)C(N4C[C@H](O)C[C@H]4C(N[C@@H](C)C5=CC=C(Cl)C=C5)=O)=O)=C3)=O)C6=NN=C(C)N6C7=C2C(C)=C(C)S7)C=C1,1.11,40,1.2,2,3,30,99.95,0,0,0.05,-4.3,99.95,0,0,0.05,5,100,1.2
ClC1=CC=C(C2=N[C@@H](CC(NCCCCCOC3=NOC([C@@H](C(C)C)C(N4C[C@H](O)C[C@H]4C(N[C@@H](C)C5=CC=C(C6=C(C)N=CS6)C=C5)=O)=O)=C3)=O)C7=NN=C(C)N7C8=C2C(C)=C(C)S8)C=C1,1.04,40,1.2,2,3,30,99.95,0,0,0.05,-4.3,99.95,0,0,0.05,5,100,1.2
ClC1=CC=C(C2=N[C@@H](CC(NCCOCCOCCOCCOC3=C([C@H](C)NC([C@H]4N(C([C@H](C(C)C)C5=CC(C)=NO5)=O)C[C@H](O)C4)=O)C=CC(Cl)=C3)=O)C6=NN=C(C)N6C7=C2C(C)=C(C)S7)C=C1,1.08,40,1.2,2,3,30,99.95,0,0,0.05,-4.3,99.95,0,0,0.05,5,100,1.2
ClC1=CC=C(C2=N[C@@H](CC(NCCOCCOCCNC(C[C@H](NC([C@H]3N(C([C@H](C(C)C)C4=CC(C)=NO4)=O)C[C@H](O)C3)=O)C5=CC=C(Cl)C=C5)=O)=O)C6=NN=C(C)N6C7=C2C(C)=C(C)S7)C=C1,0.9,40,1.2,2,3,30,99.95,0,0,0.05,-4.3,99.95,0,0,0.05,5,100,1.2
ClC1=CC=C(C2=N[C@@H](CC(NCCOCCOCCOCCNC(C[C@H](NC([C@H]3N(C([C@H](C(C)C)C4=CC(C)=NO4)=O)C[C@H](O)C3)=O)C5=CC=C(Cl)C=C5)=O)=O)C6=NN=C(C)N6C7=C2C(C)=C(C)S7)C=C1,1.136,40,1.2,2,3,30,99.95,0,0,0.05,-4.3,99.95,0,0,0.05,5,100,1.2
ClC1=CC=C(C=C1)C2=N[C@H](C3=NN=C(N3C4=C2C(C)=C(S4)C)C)CC(NCCCCNC(C[C@@H](C5=CC=C(C=C5)C6=C(C)N=CS6)NC([C@H]7N(C[C@@H](C7)O)C([C@@H](C8=CC(C)=NO8)C(C)C)=O)=O)=O)=O,1.01,40,1.2,2,3,30,99.95,0,0,0.05,-4.3,99.95,0,0,0.05,5,100,1.2
ClC1=CC=C(C=C1)C2=N[C@H](C3=NN=C(N3C4=C2C(C)=C(S4)C)C)CC(NCCOCCOCCNC(C[C@@H](C5=CC=C(C=C5)C6=C(C)N=CS6)NC([C@H]7N(C[C@@H](C7)O)C([C@@H](C8=CC(C)=NO8)C(C)C)=O)=O)=O)=O,1.34,40,1.2,2,3,30,99.95,0,0,0.05,-4.3,99.95,0,0,0.05,5,100,1.2
ClC1=CC=C(C=C1)C2=N[C@H](C3=NN=C(N3C4=C2C(C)=C(S4)C)C)CC(NCCOCCOCCOCCNC(C[C@@H](C5=CC=C(C=C5)C6=C(C)N=CS6)NC([C@H]7N(C[C@@H](C7)O)C([C@@H](C8=CC(C)=NO8)C(C)C)=O)=O)=O)=O,1.94,45,1.5,2,3,30,99.9,0,0,0.1,-4.3,99.9,0,0,0.1,10,95,8
ClC1=CC=C(C=C1)C2=N[C@H](C3=NN=C(N3C4=C2C(C)=C(S4)C)C)CC(NCCOCCOCCOCCOCC#CC(N=CS5)=C5C6=CC=C([C@H](C)NC([C@H]7N(C([C@H](C(C)C)C8=CC(C)=NO8)=O)C[C@H](O)C7)=O)C=C6)=O,1.01,40,1.5,2,3,30,99.95,0,0,0.05,-4.3,99.95,0,0,0.05,5,100,2
O=C(O)C1=CC=NC(C2=CN(CCN(CCCCCCCCCCOC3=CC=CC(C(N4C(CC5)C(NC5=O)=O)=O)=C3C4=O)C)N=N2)=C1,13.11,25,1,5,4.6,150,99.9,0,0,0.1,-4.3,99.9,0,0,0.1,10,90,20
O=C(O)C1=CC=NC(C2=CN(CCN(CCCCCCCCOC3=CC=CC(C(N4C(CC5)C(NC5=O)=O)=O)=C3C4=O)C)N=N2)=C1,11.83,25,1,5,4.6,150,99.9,0,0,0.1,-4.3,99.9,0,0,0.1,10,90,20
O=C(O)C1=CC=NC(C2=CN(CCN(CCCCCCCCCCCCOC3=CC=CC(C(N4C(CC5)C(NC5=O)=O)=O)=C3C4=O)C)N=N2)=C1,14.35,25,1,5,4.6,150,99.9,0,0,0.1,-4.3,99.9,0,0,0.1,10,90,20
O=C(OC)C1=CC=NC(C2=CN(CCN(CCCCCCCCCCOC3=CC=CC(C(N4C(CC5)C(NC5=O)=O)=O)=C3C4=O)C)N=N2)=C1,14.3,25,1,5,4.6,150,99.9,0,0,0.1,-4.3,99.9,0,0,0.1,10,90,20
O=C(OC)C1=CC=NC(C2=CN(CCN(CCCCCCCCOC3=CC=CC(C(N4C(CC5)C(NC5=O)=O)=O)=C3C4=O)C)N=N2)=C1,13.09,25,1,5,4.6,150,99.9,0,0,0.1,-4.3,99.9,0,0,0.1,10,90,20
O=C(OC)C1=CC=NC(C2=CN(CCN(CCCCCCCCCCCCOC3=CC=CC(C(N4C(CC5)C(NC5=O)=O)=O)=C3C4=O)C)N=N2)=C1,15.53,25,1,5,4.6,150,99.9,0,0,0.1,-4.3,99.9,0,0,0.1,10,90,20
O=C([C@H]1N(C([C@H](C2CCCCC2)NC([C@@H](NC)C)=O)=O)C[C@@H](NC(COCCOCCOCCOCCN3N=CC(NC4=NC=C(Cl)C(NCC5=CC(F)=CC=C5F)=N4)=C3)=O)C1)N[C@@H]6CCCC7=C6C=CC=C7,1.22,40,1,1.7,2.1,50,100,0,0,0,-4.3,100,0,0,0,3,95,1.5
O=C([C@H]1N(C([C@H](C2CCCCC2)NC([C@@H](NC)C)=O)=O)C[C@@H](NC(CCCCCCCCCN3N=CC(NC4=NC=C(Cl)C(NCC5=CC(F)=CC=C5F)=N4)=C3)=O)C1)N[C@@H]6CCCC7=C6C=CC=C7,1.42,40,1,1.7,2.1,50,100,0,0,0,-4.3,100,0,0,0,3,95,1.5
O=C([C@H]1N(C([C@H](C2CCCCC2)NC([C@@H](NC)C)=O)=O)C[C@@H](NC(COCCOCCOCCOCCOC3=CC(F)=CC(CNC4=NC(NC5=CN(C)N=C5)=NC=C4Cl)=C3F)=O)C1)N[C@@H]6CCCC7=C6C=CC=C7,1.21,40,1,1.7,2.1,50,100,0,0,0,-4.3,100,0,0,0,3,95,1.5
O=C([C@H]1N(C([C@H](C2CCCCC2)NC([C@@H](NC)C)=O)=O)C[C@@H](NC(CCCCCCCCCOC3=CC(F)=CC(CNC4=NC(NC5=CN(C)N=C5)=NC=C4Cl)=C3F)=O)C1)N[C@@H]6CCCC7=C6C=CC=C7,1.49,40,1,1.7,2.1,50,100,0,0,0,-4.3,100,0,0,0,3,95,1.5
O=C([C@H]1N(C([C@H](C2CCCCC2)NC([C@@H](NC)C)=O)=O)C[C@@H](NC(COCCOCCOCCOCCN3CCN(CCCOC4=CC=C(C5=NC6=C(C7=CC(F)=C(CN(CC8)CCS8(=O)=O)C(F)=C7)C=CC=C6N=C5)C=C4OC)CC3)=O)C1)N[C@@H]9CCCC%10=C9C=CC=C%10,1.37,40,1,1.7,2.1,50,100,0,0,0,-4.3,100,0,0,0,3,95,1.5
O=C([C@H]1N(C([C@H](C2CCCCC2)NC([C@@H](NC)C)=O)=O)C[C@@H](NC(CCCCCCCCCN3CCN(CCCOC4=CC=C(C5=NC6=C(C7=CC(F)=C(CN(CC8)CCS8(=O)=O)C(F)=C7)C=CC=C6N=C5)C=C4OC)CC3)=O)C1)N[C@@H]9CCCC%10=C9C=CC=C%10,1.62,40,1,1.7,2.1,50,100,0,0,0,-4.3,100,0,0,0,3,95,1.5
C=CCN1C(=O)C2=CN=C(NC3=CC=C(N4CCN(CCCC(=O)N[C@H](C(=O)N5C[C@H](O)C[C@H]5C(=O)NCC5=CC=C(C6=C(C)N=CS6)C=C5)C(C)(C)C)CC4)C=C3)N=C2N1C1=CC=CC(C(C)(C)O)=N1,8.61,25,0.2,1.6,2,50,99.9,0,0.1,0,-4.3,99.9,0,0.1,0,15,99,14
C=CCN1C(=O)C2=CN=C(NC3=CC=C(N4CCN(CCCC(=O)NCCCC(=O)N[C@H](C(=O)N5C[C@H](O)C[C@H]5C(=O)NCC5=CC=C(C6=C(C)N=CS6)C=C5)C(C)(C)C)CC4)C=C3)N=C2N1C1=CC=CC(C(C)(C)O)=N1,8.54,25,0.2,1.6,2,50,99.9,0,0.1,0,-4.3,99.9,0,0.1,0,15,99,14
C=CCN1C(=O)C2=CN=C(NC3=CC=C(N4CCN(CCCC(=O)NCCCCCC(=O)N[C@H](C(=O)N5C[C@H](O)C[C@H]5C(=O)NCC5=CC=C(C6=C(C)N=CS6)C=C5)C(C)(C)C)CC4)C=C3)N=C2N1C1=CC=CC(C(C)(C)O)=N1,8.73,25,0.2,1.6,2,50,99.9,0,0.1,0,-4.3,99.9,0,0.1,0,15,99,14
C=CCN1C(=O)C2=CN=C(NC3=CC=C(N4CCN(CCCC(=O)NCCCCCCCC(=O)N[C@H](C(=O)N5C[C@H](O)C[C@H]5C(=O)NCC5=CC=C(C6=C(C)N=CS6)C=C5)C(C)(C)C)CC4)C=C3)N=C2N1C1=CC=CC(C(C)(C)O)=N1,8.65,25,0.2,1.6,2,50,99.9,0,0.1,0,-4.3,99.9,0,0.1,0,15,99,14
C=CCN1C(=O)C2=CN=C(NC3=CC=C(N4CCN(CCCC(=O)NCCCCCCCCCCC(=O)N[C@H](C(=O)N5C[C@H](O)C[C@H]5C(=O)NCC5=CC=C(C6=C(C)N=CS6)C=C5)C(C)(C)C)CC4)C=C3)N=C2N1C1=CC=CC(C(C)(C)O)=N1,9.64,25,0.2,1.6,2,50,99.9,0,0.1,0,-4.3,99.9,0,0.1,0,15,99,14
C=CCN1C(=O)C2=CN=C(NC3=CC=C(N4CCN(CCCC(=O)NCCOCCOCCOCC(=O)N[C@H](C(=O)N5C[C@H](O)C[C@H]5C(=O)NCC5=CC=C(C6=C(C)N=CS6)C=C5)C(C)(C)C)CC4)C=C3)N=C2N1C1=CC=CC(C(C)(C)O)=N1,8.65,25,0.2,1.6,2,50,99.9,0,0.1,0,-4.3,99.9,0,0.1,0,15,99,14
C=CCN1C(=O)C2=CN=C(NC3=CC=C(N4CCN(CCCC(=O)NCCOCCOCCOCCOCCC(=O)N[C@H](C(=O)N5C[C@H](O)C[C@H]5C(=O)NCC5=CC=C(C6=C(C)N=CS6)C=C5)C(C)(C)C)CC4)C=C3)N=C2N1C1=CC=CC(C(C)(C)O)=N1,8.64,25,0.2,1.6,2,50,99.9,0,0.1,0,-4.3,99.9,0,0.1,0,15,99,14
C=CCN1C(=O)C2=CN=C(NC3=CC=C(N4CCN(CCCC(=O)NCCNC5=CC=CC6=C5C(=O)N(C5CCC(=O)NC5=O)C6=O)CC4)C=C3)N=C2N1C1=CC=CC(C(C)(C)O)=N1,8.24,25,0.2,1.6,2,50,99.9,0,0.1,0,-4.3,99.9,0,0.1,0,15,99,14
C=CCN1C(=O)C2=CN=C(NC3=CC=C(N4CCN(CCCC(=O)NCCCCCCNC5=CC=CC6=C5C(=O)N(C5CCC(=O)NC5=O)C6=O)CC4)C=C3)N=C2N1C1=CC=CC(C(C)(C)O)=N1,9.08,25,0.2,1.6,2,50,99.9,0,0.1,0,-4.3,99.9,0,0.1,0,15,99,14
C=CCN1C(=O)C2=CN=C(NC3=CC=C(N4CCN(CCCC(=O)NCCOCCNC5=CC=CC6=C5C(=O)N(C5CCC(=O)NC5=O)C6=O)CC4)C=C3)N=C2N1C1=CC=CC(C(C)(C)O)=N1,8.44,25,0.2,1.6,2,50,99.9,0,0.1,0,-4.3,99.9,0,0.1,0,15,99,14
C=CCN1C(=O)C2=CN=C(NC3=CC=C(N4CCN(CCCC(=O)NCCOCCOCCNC5=CC=CC6=C5C(=O)N(C5CCC(=O)NC5=O)C6=O)CC4)C=C3)N=C2N1C1=CC=CC(C(C)(C)O)=N1,8.48,25,0.2,1.6,2,50,99.9,0,0.1,0,-4.3,99.9,0,0.1,0,15,99,14
C=CCN1C(=O)C2=CN=C(NC3=CC=C(N4CCN(CCCC(=O)NCCOCCOCCOCCNC5=CC=CC6=C5C(=O)N(C5CCC(=O)NC5=O)C6=O)CC4)C=C3)N=C2N1C1=CC=CC(C(C)(C)O)=N1,8.53,25,0.2,1.6,2,50,99.9,0,0.1,0,-4.3,99.9,0,0.1,0,15,99,14
C=CCN1C(=O)C2=CN=C(NC3=CC=C(N4CCN(CCCC(=O)NCCOCCOCCOCCOCCNC5=CC=CC6=C5C(=O)N(C5CCC(=O)NC5=O)C6=O)CC4)C=C3)N=C2N1C1=CC=CC(C(C)(C)O)=N1,8.53,25,0.2,1.6,2,50,99.9,0,0.1,0,-4.3,99.9,0,0.1,0,15,99,14
C=CCN1C(=O)C2=CN=C(NC3=CC=C(N4CCN(CCCC(=O)NCCOCCOCCOCCOCCOCCNC5=CC=CC6=C5C(=O)N(C5CCC(=O)NC5=O)C6=O)CC4)C=C3)N=C2N1C1=CC=CC(C(C)(C)O)=N1,8.64,25,0.2,1.6,2,50,99.9,0,0.1,0,-4.3,99.9,0,0.1,0,15,99,14
C=CCN1C(=O)C2=CN=C(NC3=CC=C(N4CCN(CCCC(=O)NCCOCCOCCOCC(=O)NCCNC5=CC=CC6=C5C(=O)N(C5CCC(=O)NC5=O)C6=O)CC4)C=C3)N=C2N1C1=CC=CC(C(C)(C)O)=N1,8.18,25,0.2,1.6,2,50,99.9,0,0.1,0,-4.3,99.9,0,0.1,0,15,99,14
C=CCN1C(=O)C2=CN=C(NC3=CC=C(N4CCN(CCCC(=O)NCCCC(=O)NCCNC5=CC=CC6=C5C(=O)N(C5CCC(=O)NC5=O)C6=O)CC4)C=C3)N=C2N1C1=CC=CC(C(C)(C)O)=N1,8.09,25,0.2,1.6,2,50,99.9,0,0.1,0,-4.3,99.9,0,0.1,0,15,99,14
C=CCN1C(=O)C2=CN=C(NC3=CC=C(N4CCN(CCCC(=O)NCCCCCC(=O)NCCNC5=CC=CC6=C5C(=O)N(C5CCC(=O)NC5=O)C6=O)CC4)C=C3)N=C2N1C1=CC=CC(C(C)(C)O)=N1,8.28,25,0.2,1.6,2,50,99.9,0,0.1,0,-4.3,99.9,0,0.1,0,15,99,14
C=CCN1C(=O)C2=CN=C(NC3=CC=C(N4CCN(CCCC(=O)NCCCCCCCC(=O)NCCNC5=CC=CC6=C5C(=O)N(C5CCC(=O)NC5=O)C6=O)CC4)C=C3)N=C2N1C1=CC=CC(C(C)(C)O)=N1,8.62,25,0.2,1.6,2,50,99.9,0,0.1,0,-4.3,99.9,0,0.1,0,15,99,14
C=CCN1C(=O)C2=CN=C(NC3=CC=C(N4CCN(CCCC(=O)NCCCCCCCCCCC(=O)NCCNC5=CC=CC6=C5C(=O)N(C5CCC(=O)NC5=O)C6=O)CC4)C=C3)N=C2N1C1=CC=CC(C(C)(C)O)=N1,9.29,25,0.2,1.6,2,50,99.9,0,0.1,0,-4.3,99.9,0,0.1,0,15,99,14
O=C(NC1=NNC(C2CCC2)=C1)CC3=CC=C(OCC(NCCCCNC4=CC=CC(C(N5C(CC6)C(NC6=O)=O)=O)=C4C5=O)=O)C=C3,13.77,25,1,5,4.6,250,99.9,0,0.1,0,-4.3,99.9,0,0.1,0,10,100,15
O=C(NCCCCNC1=CC=CC(C(N2C(CC3)C(NC3=O)=O)=O)=C1C2=O)CCCOC4=CC=C(CC(NC5=NNC(C6CCC6)=C5)=O)C=C4,13.2,25,1,5,4.6,250,99.9,0,0.1,0,-4.3,99.9,0,0.1,0,10,100,15
O=C(NC1=NNC(C2CCC2)=C1)CC3=CC=C(OCC(NCCCCCCCCNC4=CC=CC(C(N5C(CC6)C(NC6=O)=O)=O)=C4C5=O)=O)C=C3,15.11,25,1,5,4.6,250,99.9,0,0.1,0,-4.3,99.9,0,0.1,0,10,100,15
O=C(NC1=NNC(C2CCC2)=C1)CC3=CC=C(OCC(NCCOCCOCCNC4=CC=CC(C(N5C(CC6)C(NC6=O)=O)=O)=C4C5=O)=O)C=C3,11.24,25,1,5,4.6,250,99.9,0,0.1,0,-4.3,99.9,0,0.1,0,10,100,15
O=C(NCCOCCOCCNC1=CC=CC(C(N2C(CC3)C(NC3=O)=O)=O)=C1C2=O)CCCOC4=CC=C(CC(NC5=NNC(C6CCC6)=C5)=O)C=C4,12.9,25,1,5,4.6,250,99.9,0,0.1,0,-4.3,99.9,0,0.1,0,10,100,15
O=C(NC1=NNC(C2CCC2)=C1)CC3=CC=C(OCC(NCCCOCCOCCOCCCNC4=CC=CC(C(N5C(CC6)C(NC6=O)=O)=O)=C4C5=O)=O)C=C3,13.41,25,1,5,4.6,250,99.9,0,0.1,0,-4.3,99.9,0,0.1,0,10,100,15
O=C(NC1=NNC(C2CCC2)=C1)CC3=CC=C(OCCOCCOCCOCC(NCCCCNC4=CC=CC(C(N5C(CC6)C(NC6=O)=O)=O)=C4C5=O)=O)C=C3,12.66,25,1,5,4.6,250,99.9,0,0.1,0,-4.3,99.9,0,0.1,0,10,100,15
O=C(NCCCOCCOCCOCCCNC1=CC=CC(C(N2C(CC3)C(NC3=O)=O)=O)=C1C2=O)CCCOC4=CC=C(CC(NC5=NNC(C6CCC6)=C5)=O)C=C4,13.44,25,1,5,4.6,250,99.9,0,0.1,0,-4.3,99.9,0,0.1,0,10,100,15
O=C(NC1=NNC(C2CCC2)=C1)CC3=CC=C(OCCOCCOCCOCC(NCCOCCOCCNC4=CC=CC(C(N5C(CC6)C(NC6=O)=O)=O)=C4C5=O)=O)C=C3,13.83,25,1,5,4.6,250,99.9,0,0.1,0,-4.3,99.9,0,0.1,0,10,100,15
O=C(NC1=NNC(C2CCC2)=C1)CC3=CC=C(OCCOCCOCCOCC(NCCCOCCOCCOCCCNC4=CC=CC(C(N5C(CC6)C(NC6=O)=O)=O)=C4C5=O)=O)C=C3,13.58,25,1,5,4.6,250,99.9,0,0.1,0,-4.3,99.9,0,0.1,0,10,100,15
COC1=CC(OC)=CC(CCC2=CC(NC(C3=CC=C(N4C[C@H](C)N(CC(NCCC5=CC=C(OCC(N[C@@H](C(C)(C)C)C(N6[C@H](C(N[C@H](C7=CC=C(C8=C(C)N=CS8)C=C7)C)=O)C[C@@H](O)C6)=O)=O)C=C5)=O)[C@H](C)C4)C=C3)=O)=NN2)=C1,2.825,40,0.8,1.9,2.1,50,94.9,5,0.1,0,15.3,99.9,0,0.1,0,5,100,2.5
COC1=CC(OC)=CC(CCC2=CC(NC(C3=CC=C(N4C[C@H](C)N(CC(NCCC5=CC=C(OCCC(N[C@@H](C(C)(C)C)C(N6[C@H](C(N[C@H](C7=CC=C(C8=C(C)N=CS8)C=C7)C)=O)C[C@@H](O)C6)=O)=O)C=C5)=O)[C@H](C)C4)C=C3)=O)=NN2)=C1,2.899,40,0.8,1.9,2.1,50,94.9,5,0.1,0,15.3,99.9,0,0.1,0,5,100,2.5
COC1=CC(OC)=CC(CCC2=CC(NC(C3=CC=C(N4C[C@H](C)N(CC(NCCC5=CC=C(OCCCC(N[C@@H](C(C)(C)C)C(N6[C@H](C(N[C@H](C7=CC=C(C8=C(C)N=CS8)C=C7)C)=O)C[C@@H](O)C6)=O)=O)C=C5)=O)[C@H](C)C4)C=C3)=O)=NN2)=C1,2.834,40,0.8,1.9,2.1,50,94.9,5,0.1,0,15.3,99.9,0,0.1,0,5,100,2.5
COC1=CC(OC)=CC(CCC2=CC(NC(C3=CC=C(N4C[C@H](C)N(CC(NCCC5=CC=C(OCCCCC(N[C@@H](C(C)(C)C)C(N6[C@H](C(N[C@H](C7=CC=C(C8=C(C)N=CS8)C=C7)C)=O)C[C@@H](O)C6)=O)=O)C=C5)=O)[C@H](C)C4)C=C3)=O)=NN2)=C1,2.86,40,0.8,1.9,2.1,50,94.9,5,0.1,0,15.3,99.9,0,0.1,0,5,100,2.5
COC1=CC(OC)=CC(CCC2=CC(NC(C3=CC=C(N4C[C@H](C)N(CC(NCCC5=CC=C(OCCCCCC(N[C@@H](C(C)(C)C)C(N6[C@H](C(N[C@H](C7=CC=C(C8=C(C)N=CS8)C=C7)C)=O)C[C@@H](O)C6)=O)=O)C=C5)=O)[C@H](C)C4)C=C3)=O)=NN2)=C1,2.895,40,0.8,1.9,2.1,50,94.9,5,0.1,0,15.3,99.9,0,0.1,0,5,100,2.5
COC1=CC(OC)=CC(CCC2=CC(NC(C3=CC=C(N4C[C@H](C)N(CC(NCCC5=CC=C(OCCOCCOCC(NCC#CC6=CC=CC7=C6CN(C8CCC(NC8=O)=O)C7=O)=O)C=C5)=O)[C@H](C)C4)C=C3)=O)=NN2)=C1,2.587,40,0.8,1.9,2.1,50,94.9,5,0.1,0,15.3,99.9,0,0.1,0,5,100,2.5
O=S(C1=CC=C(C)C=C1)(OCCOCCOCCOCCOC2=CC=CC(C(C3=CSC([C@H]4N(C([C@@H](NC([C@@H](N(C(OC(C)(C)C)=O)C)C)=O)C5CCCCC5)=O)CCC4)=N3)=O)=C2)=O,1.78,40,0.6,1.7,2.1,50,99.9,0,0,0.1,-4.3,99.9,0,0,0.1,10,90,2
O=S(C1=CC=C(C)C=C1)(OCCOCCOCCOC2=CC=CC(C(C3=CSC([C@H]4N(C([C@@H](NC([C@@H](N(C(OC(C)(C)C)=O)C)C)=O)C5CCCCC5)=O)CCC4)=N3)=O)=C2)=O,1.78,40,0.6,1.7,2.1,50,99.9,0,0,0.1,-4.3,99.9,0,0,0.1,10,90,2
O=S(C1=CC=C(C)C=C1)(OCCOCCOCCOCCOCCOC2=CC=CC(C(C3=CSC([C@H]4N(C([C@@H](NC([C@@H](N(C(OC(C)(C)C)=O)C)C)=O)C5CCCCC5)=O)CCC4)=N3)=O)=C2)=O,1.74,40,0.6,1.7,2.1,50,99.9,0,0,0.1,-4.3,99.9,0,0,0.1,10,90,2
O=S(C1=CC=C(C)C=C1)(OCCOCCOCCOC2=CC=CC(O[C@@H]3CN(C([C@@H](NC([C@@H](N(C(OC(C)(C)C)=O)C)C)=O)C4CCCCC4)=O)[C@H](C(N[C@@H]5CCCC6=C5C=CC=C6)=O)C3)=C2)=O,1.85,40,0.6,1.7,2.1,50,99.9,0,0,0.1,-4.3,99.9,0,0,0.1,10,90,2
O=S(C1=CC=C(C)C=C1)(OCCOCCOCCOCCOC2=CC=CC(O[C@@H]3CN(C([C@@H](NC([C@@H](N(C(OC(C)(C)C)=O)C)C)=O)C4CCCCC4)=O)[C@H](C(N[C@@H]5CCCC6=C5C=CC=C6)=O)C3)=C2)=O,1.84,40,0.6,1.7,2.1,50,99.9,0,0,0.1,-4.3,99.9,0,0,0.1,10,90,2
O=S(C1=CC=C(C)C=C1)(OCCOCCOCCOCCOCCOC2=CC=CC(O[C@@H]3CN(C([C@@H](NC([C@@H](N(C(OC(C)(C)C)=O)C)C)=O)C4CCCCC4)=O)[C@H](C(N[C@@H]5CCCC6=C5C=CC=C6)=O)C3)=C2)=O,1.83,40,0.6,1.7,2.1,50,99.9,0,0,0.1,-4.3,99.9,0,0,0.1,10,90,2
O=C(OC(C)(C)C)N([C@@H](C)C(N[C@@H](C1CCCCC1)C(N2[C@H](C3=NC(C(C4=CC=CC(OCCOCCOCCOCCNC(C5=CC=C(C6=NC(CNC7=NC=CC(NCC(C)C)=N7)=CS6)C=C5)=O)=C4)=O)=CS3)CCC2)=O)=O)C,1.44,40,0.6,1.7,2.1,50,99.9,0,0,0.1,-4.3,99.9,0,0,0.1,10,90,2
O=C(OC(C)(C)C)N([C@@H](C)C(N[C@@H](C1CCCCC1)C(N2[C@H](C3=NC(C(C4=CC=CC(OCCOCCOCCNC(C5=CC=C(C6=NC(CNC7=NC=CC(NCC(C)C)=N7)=CS6)C=C5)=O)=C4)=O)=CS3)CCC2)=O)=O)C,1.59,40,0.6,1.7,2.1,50,99.9,0,0,0.1,-4.3,99.9,0,0,0.1,10,90,2
O=C(OC(C)(C)C)N([C@@H](C)C(N[C@@H](C1CCCCC1)C(N2[C@H](C3=NC(C(C4=CC=CC(OCCOCCOCCOCCOCCNC(C5=CC=C(C6=NC(CNC7=NC=CC(NCC(C)C)=N7)=CS6)C=C5)=O)=C4)=O)=CS3)CCC2)=O)=O)C,1.57,40,0.6,1.7,2.1,50,99.9,0,0,0.1,-4.3,99.9,0,0,0.1,10,90,2
O=C(OC(C)(C)C)N([C@@H](C)C(N[C@@H](C1CCCCC1)C(N2[C@H](C(N[C@@H]3CCCC4=C3C=CC=C4)=O)C[C@H](OC5=CC=CC(OCCOCCOCCNC(C6=CC=C(C7=NC(CNC8=NC=CC(NCC(C)C)=N8)=CS7)C=C6)=O)=C5)C2)=O)=O)C,1.64,40,0.6,1.7,2.1,50,99.9,0,0,0.1,-4.3,99.9,0,0,0.1,10,90,2
O=C(OC(C)(C)C)N([C@@H](C)C(N[C@@H](C1CCCCC1)C(N2[C@H](C(N[C@@H]3CCCC4=C3C=CC=C4)=O)C[C@H](OC5=CC=CC(OCCOCCOCCOCCNC(C6=CC=C(C7=NC(CNC8=NC=CC(NCC(C)C)=N8)=CS7)C=C6)=O)=C5)C2)=O)=O)C,1.64,40,0.6,1.7,2.1,50,99.9,0,0,0.1,-4.3,99.9,0,0,0.1,10,90,2
O=C(OC(C)(C)C)N([C@@H](C)C(N[C@@H](C1CCCCC1)C(N2[C@H](C(N[C@@H]3CCCC4=C3C=CC=C4)=O)C[C@H](OC5=CC=CC(OCCOCCOCCOCCOCCNC(C6=CC=C(C7=NC(CNC8=NC=CC(NCC(C)C)=N8)=CS7)C=C6)=O)=C5)C2)=O)=O)C,1.62,40,0.6,1.7,2.1,50,99.9,0,0,0.1,-4.3,99.9,0,0,0.1,10,90,2
O=C(NCCOCCOCCOCCOC1=CC=CC(C(C2=CSC([C@H]3N(C([C@H](C4CCCCC4)NC([C@@H](NC)C)=O)=O)CCC3)=N2)=O)=C1)C5=CC=C(C6=NC(CNC7=NC=CC(NCC(C)C)=N7)=CS6)C=C5,1.26,40,0.6,1.7,2.1,50,99.9,0,0,0.1,-4.3,99.9,0,0,0.1,10,90,2
O=C(NCCOCCOCCOC1=CC=CC(C(C2=CSC([C@H]3N(C([C@H](C4CCCCC4)NC([C@@H](NC)C)=O)=O)CCC3)=N2)=O)=C1)C5=CC=C(C6=NC(CNC7=NC=CC(NCC(C)C)=N7)=CS6)C=C5,1.27,40,0.6,1.7,2.1,50,99.9,0,0,0.1,-4.3,99.9,0,0,0.1,10,90,2
O=C(NCCOCCOCCOCCOCCOC1=CC=CC(C(C2=CSC([C@H]3N(C([C@H](C4CCCCC4)NC([C@@H](NC)C)=O)=O)CCC3)=N2)=O)=C1)C5=CC=C(C6=NC(CNC7=NC=CC(NCC(C)C)=N7)=CS6)C=C5,1.27,40,0.6,1.7,2.1,50,99.9,0,0,0.1,-4.3,99.9,0,0,0.1,10,90,2
O=C([C@H]1N(C([C@H](C2CCCCC2)NC([C@@H](NC)C)=O)=O)C[C@@H](OC3=CC=CC(OCCOCCOCCNC(C4=CC=C(C5=NC(CNC6=NC=CC(NCC(C)C)=N6)=CS5)C=C4)=O)=C3)C1)N[C@@H]7CCCC8=C7C=CC=C8,1.34,40,0.6,1.7,2.1,50,99.9,0,0,0.1,-4.3,99.9,0,0,0.1,10,90,2
O=C([C@H]1N(C([C@H](C2CCCCC2)NC([C@@H](NC)C)=O)=O)C[C@@H](OC3=CC=CC(OCCOCCOCCOCCNC(C4=CC=C(C5=NC(CNC6=NC=CC(NCC(C)C)=N6)=CS5)C=C4)=O)=C3)C1)N[C@@H]7CCCC8=C7C=CC=C8,1.33,40,0.6,1.7,2.1,50,99.9,0,0,0.1,-4.3,99.9,0,0,0.1,10,90,2
O=C([C@H]1N(C([C@H](C2CCCCC2)NC([C@@H](NC)C)=O)=O)C[C@@H](OC3=CC=CC(OCCOCCOCCOCCOCCNC(C4=CC=C(C5=NC(CNC6=NC=CC(NCC(C)C)=N6)=CS5)C=C4)=O)=C3)C1)N[C@@H]7CCCC8=C7C=CC=C8,1.33,40,0.6,1.7,2.1,50,99.9,0,0,0.1,-4.3,99.9,0,0,0.1,10,90,2
CC(C(C(N(C1=N2)C3CCCC3)=O)=C(C1=CN=C2NC(C=C4)=NC=C4N(CC5)CCN5CC(NCCOCCOCCOCC(NC6=CC=CC7=C6CN(C(CC8)C(NC8=O)=O)C7=O)=O)=O)C)=O,7.99,37,1,5,4,125,99.9,0,0,0.1,-4.3,99.9,0,0,0.1,5,95,10
O=C(NCC1=CC=CC(C(N2C3CCC(NC3=O)=O)=O)=C1C2=O)COCCOCCOCCNC(CN4CCN(C5=CC=C(NC6=NC=C(C(C)=C(C(C)=O)C(N7C8CCCC8)=O)C7=N6)N=C5)CC4)=O,4.98,37,1,5,4,125,99.9,0,0,0.1,-4.3,99.9,0,0,0.1,5,95,10
O=C(NCCOCCOCCOCCNC(COC1=CC=CC(C(N2C3CCC(NC3=O)=O)=O)=C1C2=O)=O)CN4CCN(C5=CC=C(NC6=NC=C(C(C)=C(C(C)=O)C(N7C8CCCC8)=O)C7=N6)N=C5)CC4,6.12,37,1,5,4,125,99.9,0,0,0.1,-4.3,99.9,0,0,0.1,5,100,10
O=C(C1=CC2=C(C(OC[C@H](CC3)NC3=O)=NC=C2C#CCOCCOCCOCCC(N[C@H](C(N4[C@H](C(NCC5=CC=C(C6=C(C)N=CS6)C=C5)=O)C[C@@H](O)C4)=O)C(C)(C)C)=O)C=C1OC)N,0.87,40,1,1.7,2.1,50,99.9,0,0.1,0,-4.3,99.9,0,0.1,0,3,100,1.5
O=C(C1=CC2=C(C(OC[C@H](CC3)NC3=O)=NC=C2C#CCCCCCCCCCCC(N[C@@H](C(C)(C)C)C(N4[C@H](C(NCC5=CC=C(C6=C(C)N=CS6)C=C5)=O)C[C@@H](O)C4)=O)=O)C=C1OC)N,1.18,40,1,1.7,2.1,50,99.9,0,0.1,0,-4.3,99.9,0,0.1,0,3,100,1.5
O=C(C1=CC2=C(C(OC[C@H](CC3)NC3=O)=NC=C2C#CCOCCOCCOCCOC4=CC=CC(C(N5C(CC6)C(NC6=O)=O)=O)=C4C5=O)C=C1OC)N,0.83,40,1,1.7,2.1,50,99.9,0,0.1,0,-4.3,99.9,0,0.1,0,3,100,1.5
O=C(C1=CC2=C(C(OC[C@H](CC3)NC3=O)=NC=C2C#CCCCCCCCCCCOC4=CC=CC(C(N5C(CC6)C(NC6=O)=O)=O)=C4C5=O)C=C1OC)N,1.25,40,1,1.7,2.1,50,99.9,0,0.1,0,-4.3,99.9,0,0.1,0,3,100,1.5
O=C(C1=CC2=C(C(OC[C@H]([C@H](CC)[C@@H]3F)NC3=O)=NC=C2C#CCCCCCCCCCCC(N[C@@H](C(C)(C)C)C(N4[C@@H](C(NCC5=CC=C(C6=C(C)N=CS6)C=C5)=O)C[C@H](O)C4)=O)=O)C=C1OC)N,1.28,40,1,1.7,2.1,50,99.9,0,0.1,0,-4.3,99.9,0,0.1,0,3,100,1.5
O=C(C1=CC2=C(C(OC[C@H](CC3)NC3=O)=NC=C2C#CCCCCC(N[C@@H](C(C)(C)C)C(N4[C@H](C(NCC5=CC=C(C6=C(C)N=CS6)C=C5)=O)C[C@@H](O)C4)=O)=O)C=C1OC)N,0.94,40,1,1.7,2.1,50,99.9,0,0.1,0,-4.3,99.9,0,0.1,0,3,100,1.5
O=C(C1=CC2=C(C(OC[C@H](CC3)NC3=O)=NC=C2C#CCCCCCCCCCCC(N[C@@H](C(C)(C)C)C(N4[C@@H](C(NCC5=CC=C(C6=C(C)N=CS6)C=C5)=O)C[C@H](O)C4)=O)=O)C=C1OC)N,1.2,40,1,1.7,2.1,50,99.9,0,0.1,0,-4.3,99.9,0,0.1,0,3,100,1.5
O=C(C1=CC2=C(C(OC[C@H](CC3)NC3=O)=NC=C2C#CCOCCOCCOCCC(N[C@@H]4CN(C([C@H](C5CCCCC5)NC([C@@H](NC)C)=O)=O)[C@H](C(N[C@@H]6CCCC7=C6C=CC=C7)=O)C4)=O)C=C1OC)N,1.03,40,1,1.7,2.1,50,100,0,0,0,-4.3,100,0,0,0,3,95,1.5
O=C(C1=CC2=C(C(OC[C@H](CC3)NC3=O)=NC=C2C#CCCCCCCCCCCC(N[C@@H]4CN(C([C@H](C5CCCCC5)NC([C@@H](NC)C)=O)=O)[C@H](C(N[C@@H]6CCCC7=C6C=CC=C7)=O)C4)=O)C=C1OC)N,1.37,40,1,1.7,2.1,50,100,0,0,0,-4.3,100,0,0,0,3,95,1.5
O=C(C1=CC2=C(C(OC[C@H]([C@H](CC)[C@@H]3F)NC3=O)=NC=C2C#CCN4CCC5(CCN(C6=NC=C(C(N[C@H](C(C)(C)C)C(N7[C@H](C(NCC8=CC=C(C9=C(C)N=CS9)C=C8)=O)C[C@H](O)C7)=O)=O)C=N6)CC5)CC4)C=C1OC)N,1.11,40,1,1.7,2.1,50,100,0,0,0,-4.3,100,0,0,0,3,95,1.5
O=C1N(C2C(NC(CC2)=O)=O)C(C3=CC=CC(NCCOCCOCCOCCOCCOCCC(N4CCN(C(C5CCN(C6=CC=C(NC(C7=CN=C(OC8=CC=CC=C8)N=C7)=O)C=C6)CC5)=O)CC4)=O)=C31)=O,13.6,40,2,5,4.6,250,99.9,0,0,0.1,-4.3,99.9,0,0,0.1,10,90,30
O=C1N(C2C(N(C)C(CC2)=O)=O)C(C3=CC=CC(NCCOCCOCCOCCOCCOCCC(N4CCN(C(C5CCN(C6=CC=C(NC(C7=CN=C(OC8=CC=CC=C8)N=C7)=O)C=C6)CC5)=O)CC4)=O)=C31)=O,14.5,40,2,5,4.6,250,99.9,0,0,0.1,-4.3,99.9,0,0,0.1,10,90,30
O=C(C1=CN=C(NC2=NC(C)=NC(N3CCN(CCCNC(COC4=CC=C(C(CC5)C(NC5=O)=O)C=C4)=O)CC3)=C2)S1)NC6=C(C)C=CC=C6Cl,0.54,65,1,1.7,2.1,50,99.9,0,0.1,0,-4.3,99.9,0,0.1,0,10,95,1.6
O=C(C1=CN=C(NC2=NC(C)=NC(N3CCN(CCCNC(COC4=CC=C(N(C(N5)=O)CCC5=O)C=C4)=O)CC3)=C2)S1)NC6=C(C)C=CC=C6Cl,0.62,65,1,1.7,2.1,50,99.9,0,0.1,0,-4.3,99.9,0,0.1,0,10,95,1.6
O=C(C1=CN=C(NC2=NC(C)=NC(N3CCN(CCCNC(COC4=CC=C(C(N(C5CCC(NC5=O)=O)C6=O)=O)C6=C4)=O)CC3)=C2)S1)NC7=C(C)C=CC=C7Cl,0.57,65,1,1.7,2.1,50,99.9,0,0.1,0,-4.3,99.9,0,0.1,0,10,95,1.6
O=C(C1=CN=C(NC2=NC(C)=NC(N3CCN(CCCC(N4CCN(C5=CC=C(C(CC6)C(NC6=O)=O)C=C5)CC4)=O)CC3)=C2)S1)NC7=C(C)C=CC=C7Cl,0.72,65,1,1.7,2.1,50,99.9,0,0.1,0,-4.3,99.9,0,0.1,0,10,95,1.6
O=C(C1=CN=C(NC2=NC(C)=NC(N3CCN(CCCC(N4CCN(C5=CC=C(N(C(N6)=O)CCC6=O)C=C5)CC4)=O)CC3)=C2)S1)NC7=C(C)C=CC=C7Cl,0.57,65,1,1.7,2.1,50,99.9,0,0.1,0,-4.3,99.9,0,0.1,0,10,95,1.6
O=C(NCC1=CC=C(C2=C(C)N=CS2)C=C1)[C@H]3N(C([C@H](C(C)(C)C)NC(COCCOCCNC(COC4=CC5=NC=NC(C6CCN(C(C7=CC=C(OC(F)(F)F)C=C7)=O)CC6)=C5N=C4)=O)=O)=O)C[C@H](O)C3,1.12,60,1.2,1.7,2.1,50,99.95,0,0.05,0,-4.3,99.95,0,0.05,0,2,90,1.7
O=C(NC(CC1)C(NC1=O)=O)C2=CC=C(NCCNC(C[C@@H]3N=C(C4=CC=C(Cl)C=C4)C5=C(SC(C)=C5C)N6C(C)=NN=C36)=O)C=C2F,5.78,40,0.5,3,4.6,250,99.9,0,0,0.1,-4.3,99.9,0,0,0.1,10,100,10
O=C(NC(CC1)C(NC1=O)=O)C2=CC=C(NCCCCNC(C[C@@H]3N=C(C4=CC=C(Cl)C=C4)C5=C(SC(C)=C5C)N6C(C)=NN=C36)=O)C=C2F,5.99,40,0.5,3,4.6,250,99.9,0,0,0.1,-4.3,99.9,0,0,0.1,10,100,10
O=C(NC(CC1)C(NC1=O)=O)C2=CC=C(NCCCCCCNC(C[C@@H]3N=C(C4=CC=C(Cl)C=C4)C5=C(SC(C)=C5C)N6C(C)=NN=C36)=O)C=C2F,6.49,40,0.5,3,4.6,250,99.9,0,0,0.1,-4.3,99.9,0,0,0.1,10,100,10
O=C(NC(CC1)C(NC1=O)=O)C2=CC=C(NCCCCCCCCNC(C[C@@H]3N=C(C4=CC=C(Cl)C=C4)C5=C(SC(C)=C5C)N6C(C)=NN=C36)=O)C=C2F,6.94,40,0.5,3,4.6,250,99.9,0,0,0.1,-4.3,99.9,0,0,0.1,10,100,10
O=C(NC(CC1)C(NC1=O)=O)C2=CC=C(NCCCCCCCCCCNC(C[C@@H]3N=C(C4=CC=C(Cl)C=C4)C5=C(SC(C)=C5C)N6C(C)=NN=C36)=O)C=C2F,7.69,40,0.5,3,4.6,250,99.9,0,0,0.1,-4.3,99.9,0,0,0.1,10,100,10
O=C(NC(CC1)C(NC1=O)=O)C2=CC=C(NCCOCCNC(C[C@@H]3N=C(C4=CC=C(Cl)C=C4)C5=C(SC(C)=C5C)N6C(C)=NN=C36)=O)C=C2F,5.89,40,0.5,3,4.6,250,99.9,0,0,0.1,-4.3,99.9,0,0,0.1,10,100,10
O=C(NC(CC1)C(NC1=O)=O)C2=CC=C(NCCOCCOCCNC(C[C@@H]3N=C(C4=CC=C(Cl)C=C4)C5=C(SC(C)=C5C)N6C(C)=NN=C36)=O)C=C2F,5.97,40,0.5,3,4.6,250,99.9,0,0,0.1,-4.3,99.9,0,0,0.1,10,100,10
O=C(NC(CC1)C(NC1=O)=O)C2=CC=C(N3CCC(CNC(C[C@@H]4N=C(C5=CC=C(Cl)C=C5)C6=C(SC(C)=C6C)N7C(C)=NN=C47)=O)CC3)C=C2F,6.16,40,0.5,3,4.6,250,99.9,0,0,0.1,-4.3,99.9,0,0,0.1,10,100,10
O=C(NC(CC1)C(NC1=O)=O)C2=CC=C(N(CC3)CCC43CCN(C(C[C@@H]5N=C(C6=CC=C(Cl)C=C6)C7=C(SC(C)=C7C)N8C(C)=NN=C58)=O)CC4)C=C2F,6.9,40,0.5,3,4.6,250,99.9,0,0,0.1,-4.3,99.9,0,0,0.1,10,100,10
O=C(NC(CC1)C(NC1=O)=O)C2=CC=C(N(C3=CC=C(N4CCC(CNC(C[C@@H]5N=C(C6=CC=C(Cl)C=C6)C7=C(SC(C)=C7C)N8C(C)=NN=C58)=O)CC4)C=C3)C)C=C2F,6.88,40,0.5,3,4.6,250,99.9,0,0,0.1,-4.3,99.9,0,0,0.1,10,100,10
O=C(NC(CC1)C(NC1=O)=O)C2=CC=C(N3CCC(CNC(C[C@@H]4N=C(C5=CC=C(Cl)C=C5)C6=C(SC(C)=C6C)N7C(C)=NN=C47)=O)CC3)C=C2OC,6.37,40,0.3,1.8,2.1,50,99.9,0,0,0.1,-4.3,99.9,0,0,0.1,5,95,10
O=C(NC(CC1)C(NC1=O)=O)C2=CC=C(N3CCC(CNC(C[C@@H]4N=C(C5=CC=C(Cl)C=C5)C6=C(SC(C)=C6C)N7C(C)=NN=C47)=O)CC3)C=C2,5.96,40,0.5,3,4.6,250,99.9,0,0,0.1,-4.3,99.9,0,0,0.1,10,100,10
O=C(NC(CC1)C(NC1=O)=O)C2=CC=C(NCC(NCCCCCCCC(NC3=CC=C(C(NCCCCCCC(NO)=O)=O)C=C3)=O)=O)C=C2F,10.71,25,1,3,4.6,250,99.9,0,0,0.1,-4.3,99.9,0,0,0.1,5,95,12
O=C(NC(CC1)C(NC1=O)=O)C2=CC=C(NCC(NCCCCCCCC(NC3=CC=C(C(NCCCCCCC(NO)=O)=O)C=C3)=O)=O)C=C2OC,14.46,25,1,3,4.6,250,99.9,0,0,0.1,-4.3,99.9,0,0,0.1,5,95,15
O=C(N[C@@H](C(C)(C)C)C(N1[C@H](C(N[C@H](C2=CC=C(C3=C(C)N=CS3)C=C2)C)=O)C[C@@H](O)C1)=O)CCCCNC(COC4=C(F)C(F)=CC=C4C5=CSC(N6CCOCC6)=N5)=O,9.72,40,0.65,1.7,2.1,150,99.9,0,0.1,0,-4.3,99.9,0,0.1,0,0.5,95,8
O=C([C@H](C(C)(C)C)NC(CCCCNC(COC1=C(F)C(F)=CC=C1C2=CSC(N3CCOCC3)=N2)=O)=O)N4[C@H](C5=NC=C(C6=CC=C(C7=C(C)N=CS7)C=C6)N5)C[C@@H](O)C4,8.95,40,0.65,1.7,2.1,150,99.9,0,0.1,0,-4.3,99.9,0,0.1,0,0.5,95,8
O=C(N[C@@H](C(C)(C)C)C(N1[C@H](C(N[C@H](C2=CC=C(C3=C(C)N=C(C)S3)C=C2)C)=O)C[C@@H](O)C1)=O)CCCCNC(COC4=C(F)C(F)=CC=C4C5=CSC(N6CCOCC6)=N5)=O,9.8,40,0.65,1.7,2.1,150,99.9,0,0.1,0,-4.3,99.9,0,0.1,0,0.5,95,8
O=C([C@H](C(C)(C)C)NC(CCCCNC(COC1=C(F)C(F)=CC=C1C2=CSC(N3CCOCC3)=N2)=O)=O)N4[C@H](C5=NC=C(C6=CC=C(C7=C(C)N=C(C)S7)C=C6)N5)C[C@@H](O)C4,9.08,40,0.65,1.7,2.1,150,99.9,0,0.1,0,-4.3,99.9,0,0.1,0,0.5,95,8
